{
  "DIS": {
    "precision": 0.2487145761090518,
    "recall": 0.6737933268545514,
    "f1-score": 0.36331877729257644,
    "support": 