{
  "DIS": {
    "precision": 0.23615413207780944,
    "recall": 0.7080237741456167,
    "f1-score": 0.35417634488525507,
    "support": 