{
  "DIS": {
    "precision": 0.18540866703236422,
    "recall": 0.46007259528130673,
    "f1-score": 0.26430340153786,
    "support": 2204
  },
  "PRO": {
    "precision": 0.14988411022405357,
    "recall": 0.3592592592592593,
    "f1-score": 0.2115209885516991,
    "support": 1620
  },
  "SYM": {
    "precision": 0.14530082579630357,
    "recall": 0.4130799329234209,
    "f1-score": 0.21498181818181816,
    "support": 1789
  },
  "micro avg": {
    "precision": 0.16172600083114005,
    "recall": 0.4159985747372172,
    "f1-score": 0.23290608947184682,
    "support": 5613
  },
  "macro avg": {
    "precision": 0.16019786768424046,
    "recall": 0.4108039291546623,
    "f1-score": 0.2302687360904591,
    "support": 5613
  },
  "weighted avg": {
    "precision": 0.16237237449703984,
    "recall": 0.4159985747372172,
    "f1-score": 0.2333495761928503,
    "support": 5613
  }
}