{
  "DIS": {
    "precision": 0.21175554690541065,
    "recall": 0.5922700054436582,
    "f1-score": 0.31197132616487455,
    "support": 1837
  },
  "PRO": {
    "precision": 0.1843236409608091,
    "recall": 0.3894230769230769,
    "f1-score": 0.25021451862021626,
    "support": 1872
  },
  "SYM": {
    "precision": 0.15752351097178682,
    "recall": 0.48580060422960725,
    "f1-score": 0.23790501553484242,
    "support": 1655
  },
  "micro avg": {
    "precision": 0.18461646826794392,
    "recall": 0.488627889634601,
    "f1-score": 0.2679822094984919,
    "support": 5364
  },
  "macro avg": {
    "precision": 0.1845342329460022,
    "recall": 0.4891645621987808,
    "f1-score": 0.26669695343997774,
    "support": 5364
  },
  "weighted avg": {
    "precision": 0.18544933001532088,
    "recall": 0.488627889634601,
    "f1-score": 0.2675663135220141,
    "support": 5364
  }
}